--------------------------------------------------------
-- Archivo creado  - sábado-enero-20-2018   
--------------------------------------------------------
--------------------------------------------------------
--  DDL for Table ACERCADE_PAGE_WEB
--------------------------------------------------------

  CREATE TABLE "LIBROSYKEKAS"."ACERCADE_PAGE_WEB" 
   (	"CLAVE" VARCHAR2(20 BYTE), 
	"ACERCADE" VARCHAR2(2000 BYTE), 
	"AUNMAS" VARCHAR2(2000 BYTE), 
	"VIAJES" VARCHAR2(500 BYTE), 
	"LIBROS" VARCHAR2(500 BYTE), 
	"KEKAS" VARCHAR2(500 BYTE), 
	"INQUIETUDES" VARCHAR2(500 BYTE), 
	"HISTORIA" VARCHAR2(4000 BYTE)
   ) SEGMENT CREATION IMMEDIATE 
  PCTFREE 10 PCTUSED 40 INITRANS 1 MAXTRANS 255 NOCOMPRESS LOGGING
  STORAGE(INITIAL 65536 NEXT 1048576 MINEXTENTS 1 MAXEXTENTS 2147483645
  PCTINCREASE 0 FREELISTS 1 FREELIST GROUPS 1 BUFFER_POOL DEFAULT FLASH_CACHE DEFAULT CELL_FLASH_CACHE DEFAULT)
  TABLESPACE "USERS" ;
--------------------------------------------------------
--  DDL for Table CATEGORIA
--------------------------------------------------------

  CREATE TABLE "LIBROSYKEKAS"."CATEGORIA" 
   (	"CLAVE" VARCHAR2(20 BYTE), 
	"NOMBRE" VARCHAR2(100 BYTE)
   ) SEGMENT CREATION IMMEDIATE 
  PCTFREE 10 PCTUSED 40 INITRANS 1 MAXTRANS 255 NOCOMPRESS LOGGING
  STORAGE(INITIAL 65536 NEXT 1048576 MINEXTENTS 1 MAXEXTENTS 2147483645
  PCTINCREASE 0 FREELISTS 1 FREELIST GROUPS 1 BUFFER_POOL DEFAULT FLASH_CACHE DEFAULT CELL_FLASH_CACHE DEFAULT)
  TABLESPACE "USERS" ;
--------------------------------------------------------
--  DDL for Table EDITORIAL_FAB
--------------------------------------------------------

  CREATE TABLE "LIBROSYKEKAS"."EDITORIAL_FAB" 
   (	"CODE" VARCHAR2(20 BYTE), 
	"DIRECCION" VARCHAR2(250 BYTE), 
	"EMAIL" VARCHAR2(150 BYTE), 
	"NOMBRE" VARCHAR2(100 BYTE)
   ) SEGMENT CREATION IMMEDIATE 
  PCTFREE 10 PCTUSED 40 INITRANS 1 MAXTRANS 255 NOCOMPRESS LOGGING
  STORAGE(INITIAL 65536 NEXT 1048576 MINEXTENTS 1 MAXEXTENTS 2147483645
  PCTINCREASE 0 FREELISTS 1 FREELIST GROUPS 1 BUFFER_POOL DEFAULT FLASH_CACHE DEFAULT CELL_FLASH_CACHE DEFAULT)
  TABLESPACE "USERS" ;
--------------------------------------------------------
--  DDL for Table INDEX_PAGE_WEB
--------------------------------------------------------

  CREATE TABLE "LIBROSYKEKAS"."INDEX_PAGE_WEB" 
   (	"CLAVE" VARCHAR2(20 BYTE), 
	"IMG_2" VARCHAR2(250 BYTE), 
	"IMG_3" VARCHAR2(250 BYTE), 
	"IMG_4" VARCHAR2(250 BYTE), 
	"IMG_5" VARCHAR2(250 BYTE), 
	"PRESENTACION" VARCHAR2(250 BYTE), 
	"COMENTARIO_1" VARCHAR2(250 BYTE), 
	"COMENTARIO_2" VARCHAR2(250 BYTE), 
	"COMENTARIO_3" VARCHAR2(250 BYTE), 
	"IMG_1" VARCHAR2(250 BYTE), 
	"URL_1" VARCHAR2(250 BYTE), 
	"URL_2" VARCHAR2(250 BYTE), 
	"URL_3" VARCHAR2(250 BYTE), 
	"URL_4" VARCHAR2(250 BYTE), 
	"URL_5" VARCHAR2(250 BYTE)
   ) SEGMENT CREATION IMMEDIATE 
  PCTFREE 10 PCTUSED 40 INITRANS 1 MAXTRANS 255 NOCOMPRESS LOGGING
  STORAGE(INITIAL 65536 NEXT 1048576 MINEXTENTS 1 MAXEXTENTS 2147483645
  PCTINCREASE 0 FREELISTS 1 FREELIST GROUPS 1 BUFFER_POOL DEFAULT FLASH_CACHE DEFAULT CELL_FLASH_CACHE DEFAULT)
  TABLESPACE "USERS" ;
--------------------------------------------------------
--  DDL for Table ITEM
--------------------------------------------------------

  CREATE TABLE "LIBROSYKEKAS"."ITEM" 
   (	"CODE" VARCHAR2(20 BYTE), 
	"RESENA" VARCHAR2(250 BYTE), 
	"CATEGORIA" VARCHAR2(20 BYTE), 
	"EDITORIA_FAB" VARCHAR2(20 BYTE), 
	"TITULO" VARCHAR2(250 BYTE), 
	"COMENTARIO" VARCHAR2(2000 BYTE)
   ) SEGMENT CREATION IMMEDIATE 
  PCTFREE 10 PCTUSED 40 INITRANS 1 MAXTRANS 255 NOCOMPRESS LOGGING
  STORAGE(INITIAL 65536 NEXT 1048576 MINEXTENTS 1 MAXEXTENTS 2147483645
  PCTINCREASE 0 FREELISTS 1 FREELIST GROUPS 1 BUFFER_POOL DEFAULT FLASH_CACHE DEFAULT CELL_FLASH_CACHE DEFAULT)
  TABLESPACE "USERS" ;
--------------------------------------------------------
--  DDL for Table PANTALLA
--------------------------------------------------------

  CREATE TABLE "LIBROSYKEKAS"."PANTALLA" 
   (	"CLAVE" VARCHAR2(20 BYTE), 
	"NOMBRE" VARCHAR2(150 BYTE)
   ) SEGMENT CREATION IMMEDIATE 
  PCTFREE 10 PCTUSED 40 INITRANS 1 MAXTRANS 255 NOCOMPRESS LOGGING
  STORAGE(INITIAL 65536 NEXT 1048576 MINEXTENTS 1 MAXEXTENTS 2147483645
  PCTINCREASE 0 FREELISTS 1 FREELIST GROUPS 1 BUFFER_POOL DEFAULT FLASH_CACHE DEFAULT CELL_FLASH_CACHE DEFAULT)
  TABLESPACE "USERS" ;
--------------------------------------------------------
--  DDL for Table SLIDER
--------------------------------------------------------

  CREATE TABLE "LIBROSYKEKAS"."SLIDER" 
   (	"CLAVE" VARCHAR2(20 BYTE), 
	"IMAGEN" VARCHAR2(250 BYTE)
   ) SEGMENT CREATION IMMEDIATE 
  PCTFREE 10 PCTUSED 40 INITRANS 1 MAXTRANS 255 NOCOMPRESS LOGGING
  STORAGE(INITIAL 65536 NEXT 1048576 MINEXTENTS 1 MAXEXTENTS 2147483645
  PCTINCREASE 0 FREELISTS 1 FREELIST GROUPS 1 BUFFER_POOL DEFAULT FLASH_CACHE DEFAULT CELL_FLASH_CACHE DEFAULT)
  TABLESPACE "USERS" ;
--------------------------------------------------------
--  DDL for Table USUARIO
--------------------------------------------------------

  CREATE TABLE "LIBROSYKEKAS"."USUARIO" 
   (	"CLAVE" VARCHAR2(20 BYTE), 
	"EMAIL" VARCHAR2(250 BYTE), 
	"NOMBRE" VARCHAR2(100 BYTE), 
	"PASSWORD" VARCHAR2(50 BYTE)
   ) SEGMENT CREATION IMMEDIATE 
  PCTFREE 10 PCTUSED 40 INITRANS 1 MAXTRANS 255 NOCOMPRESS LOGGING
  STORAGE(INITIAL 65536 NEXT 1048576 MINEXTENTS 1 MAXEXTENTS 2147483645
  PCTINCREASE 0 FREELISTS 1 FREELIST GROUPS 1 BUFFER_POOL DEFAULT FLASH_CACHE DEFAULT CELL_FLASH_CACHE DEFAULT)
  TABLESPACE "USERS" ;
--------------------------------------------------------
--  DDL for Table USUARIO_PANTALLA
--------------------------------------------------------

  CREATE TABLE "LIBROSYKEKAS"."USUARIO_PANTALLA" 
   (	"USUARIO" VARCHAR2(20 BYTE), 
	"PANTALLA" VARCHAR2(20 BYTE)
   ) SEGMENT CREATION IMMEDIATE 
  PCTFREE 10 PCTUSED 40 INITRANS 1 MAXTRANS 255 NOCOMPRESS LOGGING
  STORAGE(INITIAL 65536 NEXT 1048576 MINEXTENTS 1 MAXEXTENTS 2147483645
  PCTINCREASE 0 FREELISTS 1 FREELIST GROUPS 1 BUFFER_POOL DEFAULT FLASH_CACHE DEFAULT CELL_FLASH_CACHE DEFAULT)
  TABLESPACE "USERS" ;
--------------------------------------------------------
--  DDL for Sequence SEQUENCE_LIBROSYKEKAS
--------------------------------------------------------

   CREATE SEQUENCE  "LIBROSYKEKAS"."SEQUENCE_LIBROSYKEKAS"  MINVALUE 1 MAXVALUE 99999999999 INCREMENT BY 1 START WITH 81 CACHE 20 NOORDER  NOCYCLE ;
REM INSERTING into LIBROSYKEKAS.ACERCADE_PAGE_WEB
SET DEFINE OFF;
Insert into LIBROSYKEKAS.ACERCADE_PAGE_WEB (CLAVE,ACERCADE,AUNMAS,VIAJES,LIBROS,KEKAS,INQUIETUDES,HISTORIA) values ('1','Insaciable: Viajera insaciable, lectora insaciable y en cuanto a kekas Insaciableeeeeee.',' Un apunte que creo necesario añadir. En esta aventura espero contar con la ayuda de dos colegas. Una joven mirada a los libros tanto clasicos,  como actuales. Y una Gran, gran ayuda en lo referente a las kekas  O como ella las llamaria  Moñas','Hasta la fecha he recorrido casi todos los lugares que siempre desee ver Me falta Escocia e Irlanda&nbsp; Puede que al estar mas cerca los dejara para el Final.&nbsp;<p>Me gustaria en esta pagina contar con la experiencia de otros viajeros y si es posible aportar un granito de arena para que otros conozcan preciosos lugares&nbsp;</p>','Los libros han sido siempre mis mas fieles compañeros, razon poe la que me gustaria crear una pagina en la que aparte de compartir comentarios sobre ellos y sobre su lectura. Sirviera tambien de ayuda si alguien busca un libro determinado ayudar a esa persona a localizarlo. Y  quizas tambien haya alguien que lo tenga y pueda intercambiarlo','Far far away, behind the word, far from the countries Vokalia','Far far away, behind the word, far from the countries Vokalia','Aunque pueda sonar un poco cursi, hubo en tiempos una serie que empezaba asi: "La verdad esta ahi fuera".  Para mi "El Mundo esta ahi fuera"  En los Paises, Ciudades y Monumentos que he conocido  y en los que conocere. Y en las personas que he conocido. Y en las que conocere.<p>Pero aun hay otro mundo un Universo con mayusculas  Que esta aqui adentro en los libros que me hicieron desear conocer esos lugares y a esas personas y me invitaron a viajar. Y en las historias de mis muñecas (perdon de mis moñas) que llegaron a mi atraves de otras personas Y que me gustara conocer. Asi pues si quereis ayudarme con vuestros comentarios,sugerencias e informaciones Bienvenid@s a esta aventura</p><p>Bienvenid@s mi casa Vuestra casa</p>');
REM INSERTING into LIBROSYKEKAS.CATEGORIA
SET DEFINE OFF;
Insert into LIBROSYKEKAS.CATEGORIA (CLAVE,NOMBRE) values ('65','libros varios');
Insert into LIBROSYKEKAS.CATEGORIA (CLAVE,NOMBRE) values ('23','Categría 1');
REM INSERTING into LIBROSYKEKAS.EDITORIAL_FAB
SET DEFINE OFF;
Insert into LIBROSYKEKAS.EDITORIAL_FAB (CODE,DIRECCION,EMAIL,NOMBRE) values ('1','calle patata','patata.com','esa patata');
Insert into LIBROSYKEKAS.EDITORIAL_FAB (CODE,DIRECCION,EMAIL,NOMBRE) values ('3','calle 3','email3@email.com','Nombre3');
Insert into LIBROSYKEKAS.EDITORIAL_FAB (CODE,DIRECCION,EMAIL,NOMBRE) values ('4','Dirección4','email4@email.com','Nombre4');
Insert into LIBROSYKEKAS.EDITORIAL_FAB (CODE,DIRECCION,EMAIL,NOMBRE) values ('64','sin','sin','RANDON HOUSE');
REM INSERTING into LIBROSYKEKAS.INDEX_PAGE_WEB
SET DEFINE OFF;
Insert into LIBROSYKEKAS.INDEX_PAGE_WEB (CLAVE,IMG_2,IMG_3,IMG_4,IMG_5,PRESENTACION,COMENTARIO_1,COMENTARIO_2,COMENTARIO_3,IMG_1,URL_1,URL_2,URL_3,URL_4,URL_5) values ('1','9788425352089_229082383.jpg','images_2093953286.jpg','26168301_1889198491391203_7380805246185134430_n_1099132221.jpg','015-118_1__1013282333.jpg','       Pagina dedicada a Libros   Muñecas   y   Viajes








','Comentarios sobre libros','Comentarios sobre muñecas','Sobre viajes y rutas','26063260_2060580500887343_8492721455654432818_o_1022569835.jpg',null,null,null,null,null);
REM INSERTING into LIBROSYKEKAS.ITEM
SET DEFINE OFF;
Insert into LIBROSYKEKAS.ITEM (CODE,RESENA,CATEGORIA,EDITORIA_FAB,TITULO,COMENTARIO) values ('61','Reseña 2','23','3','título 2','Comentario 2');
Insert into LIBROSYKEKAS.ITEM (CODE,RESENA,CATEGORIA,EDITORIA_FAB,TITULO,COMENTARIO) values ('62','Reseña 3','23','3','título 3','Comentario 3');
Insert into LIBROSYKEKAS.ITEM (CODE,RESENA,CATEGORIA,EDITORIA_FAB,TITULO,COMENTARIO) values ('30','reseña11','23','1','titulo1','Comentario1');
Insert into LIBROSYKEKAS.ITEM (CODE,RESENA,CATEGORIA,EDITORIA_FAB,TITULO,COMENTARIO) values ('63','Reseña 4','23','3','título 4','Comentario4');
Insert into LIBROSYKEKAS.ITEM (CODE,RESENA,CATEGORIA,EDITORIA_FAB,TITULO,COMENTARIO) values ('66','sin leer','65','64','La llave del destino','despues de lectura');
REM INSERTING into LIBROSYKEKAS.PANTALLA
SET DEFINE OFF;
REM INSERTING into LIBROSYKEKAS.SLIDER
SET DEFINE OFF;
Insert into LIBROSYKEKAS.SLIDER (CLAVE,IMAGEN) values ('67','001_1473247010.jpg');
Insert into LIBROSYKEKAS.SLIDER (CLAVE,IMAGEN) values ('68','010_635724583.jpg');
Insert into LIBROSYKEKAS.SLIDER (CLAVE,IMAGEN) values ('70','008_762065006.jpg');
REM INSERTING into LIBROSYKEKAS.USUARIO
SET DEFINE OFF;
REM INSERTING into LIBROSYKEKAS.USUARIO_PANTALLA
SET DEFINE OFF;
--------------------------------------------------------
--  DDL for Index PK_INDEX_PAGE_WEB
--------------------------------------------------------

  CREATE UNIQUE INDEX "LIBROSYKEKAS"."PK_INDEX_PAGE_WEB" ON "LIBROSYKEKAS"."INDEX_PAGE_WEB" ("CLAVE") 
  PCTFREE 10 INITRANS 2 MAXTRANS 255 COMPUTE STATISTICS 
  STORAGE(INITIAL 65536 NEXT 1048576 MINEXTENTS 1 MAXEXTENTS 2147483645
  PCTINCREASE 0 FREELISTS 1 FREELIST GROUPS 1 BUFFER_POOL DEFAULT FLASH_CACHE DEFAULT CELL_FLASH_CACHE DEFAULT)
  TABLESPACE "USERS" ;
--------------------------------------------------------
--  DDL for Index PK_CATEGORIAS
--------------------------------------------------------

  CREATE UNIQUE INDEX "LIBROSYKEKAS"."PK_CATEGORIAS" ON "LIBROSYKEKAS"."CATEGORIA" ("CLAVE") 
  PCTFREE 10 INITRANS 2 MAXTRANS 255 COMPUTE STATISTICS 
  STORAGE(INITIAL 65536 NEXT 1048576 MINEXTENTS 1 MAXEXTENTS 2147483645
  PCTINCREASE 0 FREELISTS 1 FREELIST GROUPS 1 BUFFER_POOL DEFAULT FLASH_CACHE DEFAULT CELL_FLASH_CACHE DEFAULT)
  TABLESPACE "USERS" ;
--------------------------------------------------------
--  DDL for Index PK_USUARIO_PANTALLA
--------------------------------------------------------

  CREATE UNIQUE INDEX "LIBROSYKEKAS"."PK_USUARIO_PANTALLA" ON "LIBROSYKEKAS"."USUARIO_PANTALLA" ("USUARIO", "PANTALLA") 
  PCTFREE 10 INITRANS 2 MAXTRANS 255 COMPUTE STATISTICS 
  STORAGE(INITIAL 65536 NEXT 1048576 MINEXTENTS 1 MAXEXTENTS 2147483645
  PCTINCREASE 0 FREELISTS 1 FREELIST GROUPS 1 BUFFER_POOL DEFAULT FLASH_CACHE DEFAULT CELL_FLASH_CACHE DEFAULT)
  TABLESPACE "USERS" ;
--------------------------------------------------------
--  DDL for Index PK_USUARIO
--------------------------------------------------------

  CREATE UNIQUE INDEX "LIBROSYKEKAS"."PK_USUARIO" ON "LIBROSYKEKAS"."USUARIO" ("CLAVE") 
  PCTFREE 10 INITRANS 2 MAXTRANS 255 COMPUTE STATISTICS 
  STORAGE(INITIAL 65536 NEXT 1048576 MINEXTENTS 1 MAXEXTENTS 2147483645
  PCTINCREASE 0 FREELISTS 1 FREELIST GROUPS 1 BUFFER_POOL DEFAULT FLASH_CACHE DEFAULT CELL_FLASH_CACHE DEFAULT)
  TABLESPACE "USERS" ;
--------------------------------------------------------
--  DDL for Index PK_ITEM
--------------------------------------------------------

  CREATE UNIQUE INDEX "LIBROSYKEKAS"."PK_ITEM" ON "LIBROSYKEKAS"."ITEM" ("CODE") 
  PCTFREE 10 INITRANS 2 MAXTRANS 255 COMPUTE STATISTICS 
  STORAGE(INITIAL 65536 NEXT 1048576 MINEXTENTS 1 MAXEXTENTS 2147483645
  PCTINCREASE 0 FREELISTS 1 FREELIST GROUPS 1 BUFFER_POOL DEFAULT FLASH_CACHE DEFAULT CELL_FLASH_CACHE DEFAULT)
  TABLESPACE "USERS" ;
--------------------------------------------------------
--  DDL for Index PK_SLIDER
--------------------------------------------------------

  CREATE UNIQUE INDEX "LIBROSYKEKAS"."PK_SLIDER" ON "LIBROSYKEKAS"."SLIDER" ("CLAVE") 
  PCTFREE 10 INITRANS 2 MAXTRANS 255 COMPUTE STATISTICS 
  STORAGE(INITIAL 65536 NEXT 1048576 MINEXTENTS 1 MAXEXTENTS 2147483645
  PCTINCREASE 0 FREELISTS 1 FREELIST GROUPS 1 BUFFER_POOL DEFAULT FLASH_CACHE DEFAULT CELL_FLASH_CACHE DEFAULT)
  TABLESPACE "USERS" ;
--------------------------------------------------------
--  DDL for Index PK_PANTALLA
--------------------------------------------------------

  CREATE UNIQUE INDEX "LIBROSYKEKAS"."PK_PANTALLA" ON "LIBROSYKEKAS"."PANTALLA" ("CLAVE") 
  PCTFREE 10 INITRANS 2 MAXTRANS 255 COMPUTE STATISTICS 
  STORAGE(INITIAL 65536 NEXT 1048576 MINEXTENTS 1 MAXEXTENTS 2147483645
  PCTINCREASE 0 FREELISTS 1 FREELIST GROUPS 1 BUFFER_POOL DEFAULT FLASH_CACHE DEFAULT CELL_FLASH_CACHE DEFAULT)
  TABLESPACE "USERS" ;
--------------------------------------------------------
--  DDL for Index PK_ACERCADE_PAGE_WEB
--------------------------------------------------------

  CREATE UNIQUE INDEX "LIBROSYKEKAS"."PK_ACERCADE_PAGE_WEB" ON "LIBROSYKEKAS"."ACERCADE_PAGE_WEB" ("CLAVE") 
  PCTFREE 10 INITRANS 2 MAXTRANS 255 COMPUTE STATISTICS 
  STORAGE(INITIAL 65536 NEXT 1048576 MINEXTENTS 1 MAXEXTENTS 2147483645
  PCTINCREASE 0 FREELISTS 1 FREELIST GROUPS 1 BUFFER_POOL DEFAULT FLASH_CACHE DEFAULT CELL_FLASH_CACHE DEFAULT)
  TABLESPACE "USERS" ;
--------------------------------------------------------
--  DDL for Index PK_EDITORIAL_FAB
--------------------------------------------------------

  CREATE UNIQUE INDEX "LIBROSYKEKAS"."PK_EDITORIAL_FAB" ON "LIBROSYKEKAS"."EDITORIAL_FAB" ("CODE") 
  PCTFREE 10 INITRANS 2 MAXTRANS 255 COMPUTE STATISTICS 
  STORAGE(INITIAL 65536 NEXT 1048576 MINEXTENTS 1 MAXEXTENTS 2147483645
  PCTINCREASE 0 FREELISTS 1 FREELIST GROUPS 1 BUFFER_POOL DEFAULT FLASH_CACHE DEFAULT CELL_FLASH_CACHE DEFAULT)
  TABLESPACE "USERS" ;
--------------------------------------------------------
--  Constraints for Table PANTALLA
--------------------------------------------------------

  ALTER TABLE "LIBROSYKEKAS"."PANTALLA" ADD CONSTRAINT "PK_PANTALLA" PRIMARY KEY ("CLAVE")
  USING INDEX PCTFREE 10 INITRANS 2 MAXTRANS 255 COMPUTE STATISTICS 
  STORAGE(INITIAL 65536 NEXT 1048576 MINEXTENTS 1 MAXEXTENTS 2147483645
  PCTINCREASE 0 FREELISTS 1 FREELIST GROUPS 1 BUFFER_POOL DEFAULT FLASH_CACHE DEFAULT CELL_FLASH_CACHE DEFAULT)
  TABLESPACE "USERS"  ENABLE;
  ALTER TABLE "LIBROSYKEKAS"."PANTALLA" MODIFY ("CLAVE" NOT NULL ENABLE);
--------------------------------------------------------
--  Constraints for Table ITEM
--------------------------------------------------------

  ALTER TABLE "LIBROSYKEKAS"."ITEM" ADD CONSTRAINT "PK_ITEM" UNIQUE ("CODE")
  USING INDEX PCTFREE 10 INITRANS 2 MAXTRANS 255 COMPUTE STATISTICS 
  STORAGE(INITIAL 65536 NEXT 1048576 MINEXTENTS 1 MAXEXTENTS 2147483645
  PCTINCREASE 0 FREELISTS 1 FREELIST GROUPS 1 BUFFER_POOL DEFAULT FLASH_CACHE DEFAULT CELL_FLASH_CACHE DEFAULT)
  TABLESPACE "USERS"  ENABLE;
--------------------------------------------------------
--  Constraints for Table SLIDER
--------------------------------------------------------

  ALTER TABLE "LIBROSYKEKAS"."SLIDER" ADD CONSTRAINT "PK_SLIDER" PRIMARY KEY ("CLAVE")
  USING INDEX PCTFREE 10 INITRANS 2 MAXTRANS 255 COMPUTE STATISTICS 
  STORAGE(INITIAL 65536 NEXT 1048576 MINEXTENTS 1 MAXEXTENTS 2147483645
  PCTINCREASE 0 FREELISTS 1 FREELIST GROUPS 1 BUFFER_POOL DEFAULT FLASH_CACHE DEFAULT CELL_FLASH_CACHE DEFAULT)
  TABLESPACE "USERS"  ENABLE;
  ALTER TABLE "LIBROSYKEKAS"."SLIDER" MODIFY ("IMAGEN" NOT NULL ENABLE);
  ALTER TABLE "LIBROSYKEKAS"."SLIDER" MODIFY ("CLAVE" NOT NULL ENABLE);
--------------------------------------------------------
--  Constraints for Table ACERCADE_PAGE_WEB
--------------------------------------------------------

  ALTER TABLE "LIBROSYKEKAS"."ACERCADE_PAGE_WEB" ADD CONSTRAINT "PK_ACERCADE_PAGE_WEB" PRIMARY KEY ("CLAVE")
  USING INDEX PCTFREE 10 INITRANS 2 MAXTRANS 255 COMPUTE STATISTICS 
  STORAGE(INITIAL 65536 NEXT 1048576 MINEXTENTS 1 MAXEXTENTS 2147483645
  PCTINCREASE 0 FREELISTS 1 FREELIST GROUPS 1 BUFFER_POOL DEFAULT FLASH_CACHE DEFAULT CELL_FLASH_CACHE DEFAULT)
  TABLESPACE "USERS"  ENABLE;
  ALTER TABLE "LIBROSYKEKAS"."ACERCADE_PAGE_WEB" MODIFY ("CLAVE" NOT NULL ENABLE);
--------------------------------------------------------
--  Constraints for Table INDEX_PAGE_WEB
--------------------------------------------------------

  ALTER TABLE "LIBROSYKEKAS"."INDEX_PAGE_WEB" ADD CONSTRAINT "PK_INDEX_PAGE_WEB" PRIMARY KEY ("CLAVE")
  USING INDEX PCTFREE 10 INITRANS 2 MAXTRANS 255 COMPUTE STATISTICS 
  STORAGE(INITIAL 65536 NEXT 1048576 MINEXTENTS 1 MAXEXTENTS 2147483645
  PCTINCREASE 0 FREELISTS 1 FREELIST GROUPS 1 BUFFER_POOL DEFAULT FLASH_CACHE DEFAULT CELL_FLASH_CACHE DEFAULT)
  TABLESPACE "USERS"  ENABLE;
  ALTER TABLE "LIBROSYKEKAS"."INDEX_PAGE_WEB" MODIFY ("CLAVE" NOT NULL ENABLE);
--------------------------------------------------------
--  Constraints for Table CATEGORIA
--------------------------------------------------------

  ALTER TABLE "LIBROSYKEKAS"."CATEGORIA" ADD CONSTRAINT "PK_CATEGORIAS" PRIMARY KEY ("CLAVE")
  USING INDEX PCTFREE 10 INITRANS 2 MAXTRANS 255 COMPUTE STATISTICS 
  STORAGE(INITIAL 65536 NEXT 1048576 MINEXTENTS 1 MAXEXTENTS 2147483645
  PCTINCREASE 0 FREELISTS 1 FREELIST GROUPS 1 BUFFER_POOL DEFAULT FLASH_CACHE DEFAULT CELL_FLASH_CACHE DEFAULT)
  TABLESPACE "USERS"  ENABLE;
  ALTER TABLE "LIBROSYKEKAS"."CATEGORIA" MODIFY ("CLAVE" NOT NULL ENABLE);
--------------------------------------------------------
--  Constraints for Table USUARIO_PANTALLA
--------------------------------------------------------

  ALTER TABLE "LIBROSYKEKAS"."USUARIO_PANTALLA" ADD CONSTRAINT "PK_USUARIO_PANTALLA" PRIMARY KEY ("USUARIO", "PANTALLA")
  USING INDEX PCTFREE 10 INITRANS 2 MAXTRANS 255 COMPUTE STATISTICS 
  STORAGE(INITIAL 65536 NEXT 1048576 MINEXTENTS 1 MAXEXTENTS 2147483645
  PCTINCREASE 0 FREELISTS 1 FREELIST GROUPS 1 BUFFER_POOL DEFAULT FLASH_CACHE DEFAULT CELL_FLASH_CACHE DEFAULT)
  TABLESPACE "USERS"  ENABLE;
  ALTER TABLE "LIBROSYKEKAS"."USUARIO_PANTALLA" MODIFY ("PANTALLA" NOT NULL ENABLE);
  ALTER TABLE "LIBROSYKEKAS"."USUARIO_PANTALLA" MODIFY ("USUARIO" NOT NULL ENABLE);
--------------------------------------------------------
--  Constraints for Table USUARIO
--------------------------------------------------------

  ALTER TABLE "LIBROSYKEKAS"."USUARIO" ADD CONSTRAINT "PK_USUARIO" PRIMARY KEY ("CLAVE")
  USING INDEX PCTFREE 10 INITRANS 2 MAXTRANS 255 COMPUTE STATISTICS 
  STORAGE(INITIAL 65536 NEXT 1048576 MINEXTENTS 1 MAXEXTENTS 2147483645
  PCTINCREASE 0 FREELISTS 1 FREELIST GROUPS 1 BUFFER_POOL DEFAULT FLASH_CACHE DEFAULT CELL_FLASH_CACHE DEFAULT)
  TABLESPACE "USERS"  ENABLE;
  ALTER TABLE "LIBROSYKEKAS"."USUARIO" MODIFY ("CLAVE" NOT NULL ENABLE);
--------------------------------------------------------
--  Constraints for Table EDITORIAL_FAB
--------------------------------------------------------

  ALTER TABLE "LIBROSYKEKAS"."EDITORIAL_FAB" ADD CONSTRAINT "PK_EDITORIAL_FAB" PRIMARY KEY ("CODE")
  USING INDEX PCTFREE 10 INITRANS 2 MAXTRANS 255 COMPUTE STATISTICS 
  STORAGE(INITIAL 65536 NEXT 1048576 MINEXTENTS 1 MAXEXTENTS 2147483645
  PCTINCREASE 0 FREELISTS 1 FREELIST GROUPS 1 BUFFER_POOL DEFAULT FLASH_CACHE DEFAULT CELL_FLASH_CACHE DEFAULT)
  TABLESPACE "USERS"  ENABLE;
  ALTER TABLE "LIBROSYKEKAS"."EDITORIAL_FAB" MODIFY ("CODE" NOT NULL ENABLE);
--------------------------------------------------------
--  Ref Constraints for Table ITEM
--------------------------------------------------------

  ALTER TABLE "LIBROSYKEKAS"."ITEM" ADD CONSTRAINT "FK_ITEM_CATEGORIA" FOREIGN KEY ("CATEGORIA")
	  REFERENCES "LIBROSYKEKAS"."CATEGORIA" ("CLAVE") ENABLE;
  ALTER TABLE "LIBROSYKEKAS"."ITEM" ADD CONSTRAINT "FK_ITEM_EDITORIAL_FAB" FOREIGN KEY ("EDITORIA_FAB")
	  REFERENCES "LIBROSYKEKAS"."EDITORIAL_FAB" ("CODE") ENABLE;
--------------------------------------------------------
--  Ref Constraints for Table USUARIO_PANTALLA
--------------------------------------------------------

  ALTER TABLE "LIBROSYKEKAS"."USUARIO_PANTALLA" ADD CONSTRAINT "FK_USUARIO_PANTALLA_PANTALLA" FOREIGN KEY ("PANTALLA")
	  REFERENCES "LIBROSYKEKAS"."PANTALLA" ("CLAVE") ENABLE;
  ALTER TABLE "LIBROSYKEKAS"."USUARIO_PANTALLA" ADD CONSTRAINT "FK_USUARIO_PANTALLA_USUARIO" FOREIGN KEY ("USUARIO")
	  REFERENCES "LIBROSYKEKAS"."USUARIO" ("CLAVE") ENABLE;
